login,full_name,created_at,stargazers_count,watchers_count,language,has_projects,has_wiki,license_name,pushed_at
naveenjujaray,naveenjujaray/naveenjujaray,2020-07-12T11:54:53Z,2,2,,False,False,,2024-10-31 10:19:27+00:00
saikiranpi,saikiranpi/Mastering-DevSecOps,2024-09-13T09:26:10Z,50,50,Shell,True,True,,2024-10-31 09:21:06+00:00
cmcodes1,cmcodes1/css-puns,2020-10-18T11:25:24Z,25,25,,True,True,mit,2024-10-31 08:22:02+00:00
DevashishPathrabe,DevashishPathrabe/DevashishPathrabe,2022-01-26T03:21:26Z,1,1,,True,True,mit,2024-10-31 07:37:29+00:00
NitishGadangi,NitishGadangi/dsa-playground,2024-06-12T19:45:49Z,0,0,Swift,True,True,,2024-10-31 07:06:46+00:00
vikaschoudhary16,vikaschoudhary16/envoy,2019-12-23T04:57:39Z,0,0,C++,True,False,apache-2.0,2024-10-31 06:42:10+00:00
sivaprasadreddy,sivaprasadreddy/bootiful-blog,2024-10-23T10:12:37Z,2,2,Java,True,False,apache-2.0,2024-10-31 06:38:55+00:00
saikiranpi,saikiranpi/packer,2024-04-14T08:16:34Z,1,1,,True,True,,2024-10-31 06:33:18+00:00
imajaydwivedi,imajaydwivedi/SQLMonitor,2023-09-14T01:40:04Z,24,24,PLpgSQL,True,True,mit,2024-10-31 03:49:25+00:00
Gaini-Laxman,Gaini-Laxman/Interview-QA,2023-08-05T03:57:15Z,1,1,Java,True,True,,2024-10-31 03:00:23+00:00
SwethaVipparla,SwethaVipparla/github-stats,2021-10-07T03:13:32Z,0,0,Python,True,True,gpl-3.0,2024-10-31 01:26:56+00:00
codelixir,codelixir/OpenLineage,2024-02-27T05:32:18Z,0,0,Java,True,True,apache-2.0,2024-10-30 18:51:57+00:00
vivekvardhan2810,vivekvardhan2810/Bharat_insights,2023-02-04T23:48:39Z,2,2,CSS,True,True,mit,2024-10-30 17:45:20+00:00
shash42,shash42/w2s,2024-10-18T09:56:06Z,0,0,Python,True,False,mit,2024-10-30 17:39:50+00:00
banrovegrie,banrovegrie/banrovegrie.github.io,2024-03-22T17:39:02Z,0,0,HTML,True,True,,2024-10-30 17:19:01+00:00
CaptainIRS,CaptainIRS/cutoff-analysis,2022-08-16T21:20:26Z,8,8,Blade,False,False,mit,2024-10-30 16:59:41+00:00
ankitpati,ankitpati/dotfiles,2019-08-28T02:19:58Z,1,1,Shell,False,False,gpl-3.0,2024-10-30 16:50:49+00:00
sivaprasadreddy,sivaprasadreddy/generator-springboot,2019-07-25T10:03:14Z,224,224,Java,True,True,mit,2024-10-30 16:49:39+00:00
sivaprasadreddy,sivaprasadreddy/bookmarks,2024-10-17T08:51:10Z,3,3,Java,True,True,,2024-10-30 16:14:22+00:00
Karthik2917k,Karthik2917k/Karthik2917k,2022-03-21T09:57:22Z,0,0,,True,False,,2024-10-30 15:22:49+00:00
arunmotoori,arunmotoori/GitHubFrameworksDemoRepository,2024-10-30T15:02:59Z,0,0,HTML,True,True,,2024-10-30 15:22:47+00:00
mohan1998g,mohan1998g/Cloud,2024-10-05T01:36:45Z,0,0,,True,True,,2024-10-30 14:48:07+00:00
SP9144,SP9144/MalariaInsightsTranscriptomicML,2024-10-30T14:35:38Z,0,0,,True,True,,2024-10-30 14:35:38+00:00
Shahzaib-D-Memon,Shahzaib-D-Memon/Scribble.github.io,2023-03-02T10:38:22Z,2,2,HTML,True,True,,2024-10-30 13:23:28+00:00
Himanshu12866,Himanshu12866/prescripto,2024-10-11T10:09:15Z,2,2,JavaScript,True,True,,2024-10-30 13:22:56+00:00
ahmedkaludi,ahmedkaludi/schema-and-structured-data-for-wp,2018-03-28T11:44:53Z,73,73,PHP,True,True,,2024-10-30 13:13:42+00:00
nisabmohd,nisabmohd/Aria-Docs,2023-09-25T17:27:49Z,157,157,TypeScript,True,True,mit,2024-10-30 11:18:59+00:00
mohan1998g,mohan1998g/PySpark,2024-10-02T16:30:53Z,0,0,,True,True,,2024-10-30 05:51:22+00:00
sharanya02,sharanya02/cadmus,2021-07-19T19:18:42Z,8,8,Python,True,True,gpl-3.0,2024-10-30 05:02:51+00:00
sharanya02,sharanya02/Python,2020-06-24T07:06:01Z,3,3,,True,True,mit,2024-10-30 05:01:11+00:00
vishipayyallore,vishipayyallore/aiml-2024,2023-12-14T04:39:13Z,4,4,C#,True,True,mit,2024-10-30 04:38:40+00:00
sirilalithaadapa,sirilalithaadapa/Axon_Company_PowerBI_Dashboard,2024-07-04T07:08:03Z,0,0,,True,False,,2024-10-30 04:25:20+00:00
Kabir-Sagiii,Kabir-Sagiii/AITUIFULLSTACKB4-7am,2024-07-26T01:35:45Z,1,1,HTML,True,True,,2024-10-30 02:36:31+00:00
naveen-uppala,naveen-uppala/customer,2023-07-23T02:24:13Z,6,6,Java,True,True,,2024-10-30 02:26:36+00:00
kumarawsbit,kumarawsbit/Azure,2024-05-10T01:20:41Z,0,0,PowerShell,True,True,,2024-10-30 02:10:46+00:00
Rudrabha,Rudrabha/Wav2Lip,2020-08-07T08:06:38Z,10659,10659,Python,True,True,,2024-10-30 01:50:14+00:00
GauravWalia19,GauravWalia19/GauravWalia19,2020-07-09T17:34:12Z,2,2,,True,True,,2024-10-29 19:31:44+00:00
GauravWalia19,GauravWalia19/codemash,2023-10-22T12:10:18Z,0,0,JavaScript,True,True,mit,2024-10-29 18:42:52+00:00
dharavathramdas101,dharavathramdas101/Das_101,2024-10-29T18:18:19Z,0,0,,True,True,mit,2024-10-29 18:23:17+00:00
dharavathramdas101,dharavathramdas101/dharavathramdas101,2023-03-12T07:07:06Z,0,0,,True,True,,2024-10-29 18:16:00+00:00
fayaz07,fayaz07/argon2-sample,2024-10-29T17:34:56Z,0,0,Go,True,False,,2024-10-29 17:38:20+00:00
mohan1998g,mohan1998g/PySpark-Functions-usages,2024-10-28T10:21:20Z,0,0,,True,True,,2024-10-29 16:32:46+00:00
prudhvir3ddy,prudhvir3ddy/awesome-tech-youtubers,2024-10-29T14:13:42Z,0,0,,True,True,apache-2.0,2024-10-29 14:14:26+00:00
kaziadilmemon,kaziadilmemon/AffiCodes-Hacktoberfest2024,2024-10-29T14:07:52Z,0,0,PHP,True,True,,2024-10-29 14:12:49+00:00
kaziadilmemon,kaziadilmemon/Hacktoberfest-2024,2024-10-29T14:07:50Z,0,0,C++,True,True,mit,2024-10-29 14:12:43+00:00
kaziadilmemon,kaziadilmemon/hacktoberfest2024,2024-10-29T14:07:47Z,0,0,JavaScript,True,True,apache-2.0,2024-10-29 14:11:12+00:00
r-devops,r-devops/docker-debugger,2022-02-04T06:32:52Z,0,0,Dockerfile,True,True,,2024-10-29 13:56:43+00:00
amanovishnu,amanovishnu/sde-notes,2024-10-26T15:31:21Z,0,0,Svelte,True,True,,2024-10-29 12:53:21+00:00
ashokitschool,ashokitschool/DevOps-Documents,2023-02-11T04:14:12Z,75,75,,True,True,,2024-10-29 12:05:04+00:00
nischalare,nischalare/CBTDjangoProject,2024-10-29T10:06:45Z,0,0,Python,True,True,,2024-10-29 10:08:28+00:00
ahmedkaludi,ahmedkaludi/accelerated-mobile-pages,2016-02-07T19:35:43Z,176,176,PHP,True,True,other,2024-10-29 06:37:11+00:00
avijit9,avijit9/avijit9.github.io,2022-05-14T15:33:49Z,0,0,HTML,True,True,,2024-10-29 02:59:33+00:00
vishalsingh2972,vishalsingh2972/100xDevs_2.0,2023-11-30T19:38:16Z,185,185,JavaScript,True,True,,2024-10-29 01:50:27+00:00
sharanya02,sharanya02/asl,2021-05-04T15:01:57Z,0,0,HTML,True,True,,2024-10-29 00:30:41+00:00
axayjha,axayjha/axayjha.github.io,2015-02-06T12:32:06Z,2,2,HTML,True,True,apache-2.0,2024-10-28 20:29:23+00:00
0xVikasRushi,0xVikasRushi/0xVikasRushi,2022-09-10T06:52:06Z,0,0,,True,True,,2024-10-28 17:20:37+00:00
sivaprasadreddy,sivaprasadreddy/jdev-simplify,2024-10-18T05:05:02Z,0,0,Kotlin,True,True,,2024-10-28 16:11:25+00:00
static-var,static-var/vlr-gg,2021-08-11T18:13:21Z,32,32,Kotlin,True,True,,2024-10-28 15:03:18+00:00
ahmedkaludi,ahmedkaludi/pwa-for-wp,2018-01-03T16:02:28Z,76,76,PHP,True,True,,2024-10-28 12:58:25+00:00
biswaroop1547,biswaroop1547/diffusers,2024-06-17T10:34:19Z,0,0,Python,True,True,apache-2.0,2024-10-28 10:55:30+00:00
mohan1998g,mohan1998g/Python,2024-10-05T16:57:31Z,0,0,,True,True,,2024-10-28 10:17:55+00:00
sudhir-voleti,sudhir-voleti/Llama3.2-multimodal,2024-10-25T06:29:11Z,0,0,Jupyter Notebook,True,True,,2024-10-28 07:05:22+00:00
Gaini-Laxman,Gaini-Laxman/EmployeeRestApiSwaggerDoc,2024-10-26T00:03:06Z,1,1,Java,True,True,,2024-10-28 06:56:51+00:00
vramana,vramana/blog,2014-09-11T08:30:27Z,1,1,CSS,False,False,,2024-10-28 06:22:42+00:00
naveen-uppala,naveen-uppala/Jenkins,2023-11-13T05:50:41Z,9,9,,True,True,,2024-10-28 02:37:17+00:00
keshav-exe,keshav-exe/bimal,2024-10-27T16:54:34Z,3,3,TypeScript,True,True,,2024-10-27 16:57:30+00:00
NotHarshhaa,NotHarshhaa/DevOps-Projects,2023-08-09T04:19:38Z,738,738,TypeScript,True,True,,2024-10-27 15:34:54+00:00
arunmotoori,arunmotoori/FrameworkWeekendCrashCourse,2024-10-26T14:56:10Z,1,1,HTML,True,True,,2024-10-27 14:30:32+00:00
swaroopnadella,swaroopnadella/SeleniumJavaSept2024,2024-09-29T14:27:25Z,0,0,Java,True,True,,2024-10-27 13:58:42+00:00
mssanamateen,mssanamateen/Artificial-Intelligence-Lab,2024-08-28T15:50:35Z,7,7,Jupyter Notebook,True,True,,2024-10-27 12:38:04+00:00
Himanshu12866,Himanshu12866/Himanshu12866,2023-09-01T05:47:34Z,11,11,,True,False,,2024-10-27 10:55:33+00:00
vibhanshujainiiitr,vibhanshujainiiitr/git-session-27-10-2024,2024-10-27T10:02:57Z,0,0,HTML,True,True,,2024-10-27 10:50:45+00:00
nisabmohd,nisabmohd/nisabmohd.blog,2023-08-29T08:41:21Z,4,4,MDX,True,True,,2024-10-27 09:01:24+00:00
sharanya02,sharanya02/Teamix,2021-06-18T12:12:41Z,7,7,JavaScript,True,True,mit,2024-10-27 03:14:58+00:00
r-devops,r-devops/azi1,2024-10-27T02:53:07Z,0,0,,True,True,,2024-10-27 02:53:07+00:00
gkdevops,gkdevops/ansible-code,2019-04-04T05:48:21Z,7,7,HTML,True,True,,2024-10-26 17:28:44+00:00
jaiakash,jaiakash/ccreward-web,2024-10-22T16:36:49Z,0,0,JavaScript,True,True,other,2024-10-26 13:17:28+00:00
naveen-uppala,naveen-uppala/frontend,2023-07-19T02:39:55Z,7,7,JavaScript,True,True,,2024-10-26 02:50:52+00:00
SiddharthaBose30,SiddharthaBose30/aws-nuke,2024-10-25T19:39:56Z,0,0,,True,False,mit,2024-10-25 21:49:13+00:00
Gaini-Laxman,Gaini-Laxman/chatboatAI,2024-10-22T11:30:19Z,1,1,HTML,True,True,,2024-10-25 20:17:52+00:00
Gaini-Laxman,Gaini-Laxman/BlogAppBackend,2024-10-25T14:07:48Z,1,1,Java,True,True,,2024-10-25 19:37:51+00:00
chakrihacker,chakrihacker/drizzle-orm,2024-10-25T15:06:26Z,0,0,,True,True,apache-2.0,2024-10-25 15:06:41+00:00
mssanamateen,mssanamateen/Python-Programming,2024-08-28T15:43:09Z,2,2,Jupyter Notebook,True,True,,2024-10-25 15:03:06+00:00
akcube,akcube/akcube.github.io,2021-07-23T21:51:47Z,0,0,Python,True,True,,2024-10-25 14:52:01+00:00
omkar-334,omkar-334/cbit-hacktoberfest24,2024-10-25T14:18:05Z,0,0,JavaScript,True,False,,2024-10-25 14:22:06+00:00
ashokitschool,ashokitschool/angular_docker_app,2023-08-07T14:44:32Z,3,3,TypeScript,True,True,,2024-10-25 12:28:39+00:00
MuhammadZubair786,MuhammadZubair786/BookTrack,2024-10-25T07:53:19Z,0,0,JavaScript,True,True,,2024-10-25 07:56:05+00:00
stacksimplify,stacksimplify/azure-aks-kubernetes-masterclass,2020-07-23T02:40:38Z,666,666,HCL,True,True,,2024-10-25 06:38:37+00:00
nithingooud,nithingooud/Mobile-ui-development,2024-10-21T02:30:38Z,0,0,TypeScript,True,True,,2024-10-25 06:08:08+00:00
urvashii-b,urvashii-b/LeetCode,2024-01-19T15:25:43Z,3,3,C++,True,True,,2024-10-25 04:34:09+00:00
arunmotoori,arunmotoori/Batch3FrameworkOne,2024-09-18T16:22:18Z,0,0,HTML,True,True,,2024-10-24 16:52:36+00:00
Dayitva,Dayitva/Lero,2024-10-24T11:49:56Z,0,0,TypeScript,True,True,,2024-10-24 12:00:00+00:00
ahmedkaludi,ahmedkaludi/push-notification,2019-12-14T09:18:55Z,6,6,PHP,True,True,,2024-10-24 09:55:25+00:00
codewithdev,codewithdev/financial-newsletter-agent,2024-10-23T19:53:59Z,0,0,Python,True,True,,2024-10-23 19:59:03+00:00
Karthik2917k,Karthik2917k/bizaekBackend,2024-08-20T15:39:50Z,0,0,TypeScript,True,True,,2024-10-23 18:28:36+00:00
AKSHITHA-CHILUKA,AKSHITHA-CHILUKA/Innovations_Hub,2024-05-28T00:21:08Z,21,21,Python,True,True,,2024-10-23 16:53:31+00:00
naveen-uppala,naveen-uppala/ghas-jira-integration,2024-10-23T13:53:31Z,0,0,,True,True,apache-2.0,2024-10-23 15:57:08+00:00
raghurama123,raghurama123/AB_polytypes,2023-12-22T02:47:14Z,0,0,Jupyter Notebook,True,True,,2024-10-23 06:52:54+00:00
sirreajohn,sirreajohn/portfolio-mahesh,2024-10-06T11:55:24Z,0,0,Svelte,True,True,,2024-10-23 03:31:15+00:00
rishabsingh3003,rishabsingh3003/ardupilot_wiki,2019-09-03T12:01:05Z,1,1,Python,True,True,other,2024-10-23 03:24:59+00:00
nisabmohd,nisabmohd/next.js,2024-05-06T06:40:35Z,0,0,JavaScript,True,False,mit,2024-10-22 17:31:03+00:00
FazeelUsmani,FazeelUsmani/Ecommerce,2024-10-21T16:06:54Z,0,0,Rust,True,True,,2024-10-22 17:24:45+00:00
Kabir-Sagiii,Kabir-Sagiii/AITRB8-B21,2024-09-13T14:34:14Z,0,0,JavaScript,True,True,,2024-10-22 15:28:25+00:00
urvashii-b,urvashii-b/Fortress,2024-10-09T12:42:47Z,0,0,C++,True,True,,2024-10-22 10:09:01+00:00
Kabir-Sagiii,Kabir-Sagiii/AIT_AngularB38AM,2024-09-10T02:38:14Z,0,0,TypeScript,True,True,,2024-10-22 07:41:02+00:00
Kabir-Sagiii,Kabir-Sagiii/AIT-ANGULAR630PM-B2,2024-07-12T13:04:02Z,0,0,TypeScript,True,True,,2024-10-22 07:39:39+00:00
sanjushasuresh,sanjushasuresh/BREAST-CANCER-RISK-PREDICTION,2024-10-22T04:54:39Z,0,0,,True,True,,2024-10-22 04:57:57+00:00
naveen-uppala,naveen-uppala/ContainerOrchestration,2023-11-13T05:43:39Z,8,8,,True,True,,2024-10-22 01:41:08+00:00
sivaprasadreddy,sivaprasadreddy/bookmarks-go,2021-12-02T11:34:42Z,1,1,Go,True,True,,2024-10-21 17:14:21+00:00
Zohaib-Sathio,Zohaib-Sathio/Kolmogorov-Smirnov-Test,2024-10-21T14:21:32Z,0,0,Python,True,True,,2024-10-21 14:37:02+00:00
Himanshu12866,Himanshu12866/library-project,2024-09-26T12:41:46Z,2,2,JavaScript,True,True,,2024-10-21 13:36:12+00:00
The-Coder-Kishor,The-Coder-Kishor/felicity-corporate,2024-10-21T11:58:01Z,0,0,,True,True,,2024-10-21 11:58:48+00:00
AKSHITHA-CHILUKA,AKSHITHA-CHILUKA/AKSHITHA-CHILUKA,2024-07-31T05:15:34Z,1,1,,True,True,,2024-10-21 07:50:16+00:00
mohanbabi,mohanbabi/auth_tailscale,2024-10-18T03:51:21Z,0,0,HTML,True,True,,2024-10-21 05:23:12+00:00
Himanshu12866,Himanshu12866/routing-web-app,2024-09-17T11:53:30Z,2,2,JavaScript,True,True,,2024-10-20 17:11:11+00:00
nisabmohd,nisabmohd/LinkLob,2024-04-17T13:01:56Z,5,5,TypeScript,True,True,,2024-10-20 10:29:52+00:00
AKSHITHA-CHILUKA,AKSHITHA-CHILUKA/algo,2024-10-15T09:57:44Z,0,0,TypeScript,True,True,mit,2024-10-20 08:02:51+00:00
nithingooud,nithingooud/Genuine_careers,2024-06-21T03:19:07Z,0,0,JavaScript,True,True,,2024-10-20 05:38:23+00:00
ashokitschool,ashokitschool/ashokit_ecomm_store,2024-10-19T05:15:30Z,0,0,CSS,True,True,,2024-10-20 05:16:51+00:00
ashokitschool,ashokitschool/01_products_api,2024-10-10T03:25:10Z,0,0,Java,True,True,,2024-10-20 04:43:24+00:00
omkar-334,omkar-334/BERT-Metaculus,2024-10-19T19:52:17Z,0,0,Jupyter Notebook,True,True,,2024-10-19 20:01:18+00:00
imajaydwivedi,imajaydwivedi/Python-BootCamp,2020-03-28T16:30:10Z,1,1,Jupyter Notebook,True,True,,2024-10-19 18:54:52+00:00
nithingooud,nithingooud/Priyadarshini-womens-college-webapp,2024-10-07T08:47:34Z,0,0,HTML,True,True,,2024-10-19 10:35:52+00:00
ahmedkaludi,ahmedkaludi/easy-table-of-contents,2015-09-08T14:10:01Z,67,67,PHP,True,True,,2024-10-19 09:58:12+00:00
ashokitschool,ashokitschool/05_Notifications_API,2024-10-19T02:19:26Z,0,0,Java,True,True,,2024-10-19 02:20:12+00:00
lerndevops,lerndevops/argo-demo,2022-02-23T16:45:16Z,0,0,,True,True,,2024-10-18 06:29:02+00:00
arbazkiraak,arbazkiraak/arbazhussain.com,2023-03-17T20:30:40Z,0,0,HTML,True,False,,2024-10-17 16:56:41+00:00
mohan1998g,mohan1998g/Sqoop,2024-10-02T16:30:16Z,0,0,,True,True,,2024-10-17 12:06:14+00:00
cmcodes1,cmcodes1/cmcodes1,2020-07-11T09:08:01Z,11,11,,True,True,,2024-10-17 06:57:04+00:00
cmcodes1,cmcodes1/cmcodes1.github.io,2019-11-02T16:56:40Z,25,25,HTML,True,True,,2024-10-17 06:55:30+00:00
chandu078,chandu078/android_kernel_oneplus_sm8350,2023-02-09T19:08:27Z,6,6,C,True,True,gpl-2.0,2024-10-17 06:12:46+00:00
sanjay-sol,sanjay-sol/goroutines-prime-counter,2024-10-16T16:52:26Z,0,0,Go,True,True,,2024-10-16 16:53:14+00:00
Rahmath-001,Rahmath-001/sb1-fwatrc,2024-10-16T11:03:13Z,0,0,,True,True,,2024-10-16 11:03:35+00:00
nisabmohd,nisabmohd/commonux2,2024-08-15T13:23:10Z,0,0,TypeScript,True,True,,2024-10-16 10:17:58+00:00
zubairabid,zubairabid/azure-cli-extensions,2022-09-28T07:41:49Z,0,0,Python,True,False,mit,2024-10-16 07:21:07+00:00
codewithdev,codewithdev/codewithdev,2020-07-10T14:41:55Z,1,1,Python,True,True,,2024-10-15 20:21:59+00:00
thecaffeinedev,thecaffeinedev/personal-site,2023-09-13T09:24:52Z,0,0,MDX,True,False,mit,2024-10-15 18:43:34+00:00
0xVikasRushi,0xVikasRushi/bls-sp1-test,2024-10-15T04:20:12Z,1,1,Rust,True,True,mit,2024-10-15 06:04:50+00:00
NarayandasGanesh,NarayandasGanesh/Aquashop.com,2022-12-12T18:27:28Z,6,6,JavaScript,True,True,,2024-10-14 17:48:55+00:00
omkar-334,omkar-334/EAMCET-2024-Analysis,2024-10-14T10:25:03Z,0,0,Python,True,True,,2024-10-14 12:13:58+00:00
Zohaib-Sathio,Zohaib-Sathio/Identifying-Cars-Estimating-their-Speed,2024-10-13T13:57:22Z,0,0,Python,True,True,mit,2024-10-14 10:30:07+00:00
Sharathchandra345,Sharathchandra345/CCS-WPM-Test-Hacktober,2024-10-13T09:00:13Z,1,1,JavaScript,True,True,gpl-3.0,2024-10-14 07:51:23+00:00
sirilalithaadapa,sirilalithaadapa/Brainwave_Matrix_Intern,2024-09-19T01:21:29Z,0,0,Python,True,True,epl-2.0,2024-10-14 06:23:06+00:00
stacksimplify,stacksimplify/docker-add-fetch-url-demo,2024-10-14T05:57:25Z,0,0,,True,True,,2024-10-14 05:59:08+00:00
AKSHITHA-CHILUKA,AKSHITHA-CHILUKA/Computer-Vision-Projects,2024-10-12T09:40:17Z,0,0,Jupyter Notebook,True,True,gpl-3.0,2024-10-13 18:33:20+00:00
gurramdhamodhar,gurramdhamodhar/Roadmap.sh-Projects,2024-10-03T11:30:49Z,0,0,HTML,True,True,,2024-10-13 16:52:41+00:00
Zohaib-Sathio,Zohaib-Sathio/Human-Fall-Detection-using-Pose-Estimation,2024-10-13T13:58:23Z,0,0,,True,True,mit,2024-10-13 13:58:23+00:00
shash42,shash42/shash42.github.io,2022-09-12T17:48:38Z,0,0,JavaScript,True,True,mit,2024-10-13 12:58:18+00:00
harinadh76,harinadh76/Find,2024-08-03T05:18:17Z,0,0,TypeScript,True,True,,2024-10-12 16:49:37+00:00
shivensinha4,shivensinha4/mathlib4,2024-10-12T10:48:57Z,0,0,Lean,True,True,apache-2.0,2024-10-12 10:50:59+00:00
rajdeepd,rajdeepd/bpb-vector-databases,2024-03-03T07:02:51Z,0,0,Jupyter Notebook,True,True,mit,2024-10-12 10:21:44+00:00
arnab9593,arnab9593/turbo-robot,2024-10-12T09:15:38Z,0,0,,True,True,,2024-10-12 09:42:52+00:00
sanjay-sol,sanjay-sol/locking-mutexes-go,2024-10-12T08:13:55Z,0,0,Go,True,True,,2024-10-12 08:30:15+00:00
harshapathuri86,harshapathuri86/nvim,2023-04-30T21:27:26Z,0,0,Lua,True,True,,2024-10-11 16:46:03+00:00
mssanamateen,mssanamateen/mssanamateen,2023-10-15T11:54:59Z,11,11,,True,True,,2024-10-11 16:07:31+00:00
Abhey,Abhey/hadoop,2024-10-11T08:47:12Z,0,0,,True,False,apache-2.0,2024-10-11 09:05:17+00:00
zubairabid,zubairabid/azure-cli,2022-09-28T07:41:36Z,0,0,Python,True,True,mit,2024-10-11 08:11:14+00:00
theshivamlko,theshivamlko/data_engineering_practice,2024-09-16T19:36:21Z,0,0,,True,True,,2024-10-10 12:10:36+00:00
Vikram310,Vikram310/Data_Engineering,2024-10-10T06:32:38Z,0,0,,True,True,,2024-10-10 06:40:06+00:00
venkat09docs,venkat09docs/githubdemo,2024-10-03T05:01:58Z,0,0,HCL,True,True,,2024-10-10 05:30:05+00:00
amit-bhandari,amit-bhandari/amit-bhandari.github.io,2024-01-30T09:43:05Z,0,0,HTML,True,True,,2024-10-09 10:11:46+00:00
dkapur17,dkapur17/streamlit-flow,2024-04-21T06:25:04Z,109,109,JavaScript,True,False,mit,2024-10-09 08:46:57+00:00
RAJANAGORI,RAJANAGORI/interview,2024-01-08T07:00:47Z,0,0,HTML,True,True,,2024-10-08 17:57:16+00:00
theshivamlko,theshivamlko/code-with-codespaces,2024-10-08T17:18:59Z,0,0,HTML,True,True,mit,2024-10-08 17:19:29+00:00
Prathamkrishna,Prathamkrishna/dicedb-chart,2024-10-08T16:23:07Z,0,0,,True,True,,2024-10-08 17:07:19+00:00
AKSHITHA-CHILUKA,AKSHITHA-CHILUKA/FinNews,2024-10-09T11:27:49Z,0,0,,True,True,,2024-10-08 16:37:08+00:00
theshivamlko,theshivamlko/copilot-codespaces-vscode,2024-10-08T16:09:33Z,0,0,,True,True,mit,2024-10-08 16:10:05+00:00
rafi7391,rafi7391/my-project,2023-05-25T19:04:51Z,0,0,Java,True,True,,2024-10-08 13:45:11+00:00
amit-bhandari,amit-bhandari/photos,2024-01-30T17:26:19Z,0,0,HTML,True,False,,2024-10-08 07:58:03+00:00
vishipayyallore,vishipayyallore/aspire-2024,2023-11-27T15:43:58Z,1,1,C#,True,True,mit,2024-10-08 05:12:20+00:00
samhita-alla,samhita-alla/geolocator,2022-09-24T13:50:12Z,15,15,Python,True,True,mit,2024-10-08 00:50:48+00:00
srikharshashi,srikharshashi/c2pa_twitter,2024-10-04T19:31:45Z,0,0,Dart,True,True,,2024-10-07 18:07:47+00:00
amanovishnu,amanovishnu/amanovishnu,2021-10-01T04:10:05Z,0,0,,True,True,,2024-10-07 10:49:15+00:00
shravankumar147,shravankumar147/ComputerVision-LLMs-Research,2019-07-29T06:45:14Z,1,1,Jupyter Notebook,True,True,,2024-10-07 09:52:12+00:00
MuhammadHassaanArain,MuhammadHassaanArain/30-audio-player,2024-10-07T06:55:58Z,0,0,TypeScript,True,True,,2024-10-07 06:59:41+00:00
MuhammadHassaanArain,MuhammadHassaanArain/29-random-user-generator,2024-10-07T06:09:03Z,0,0,TypeScript,True,True,,2024-10-07 06:10:34+00:00
theja-m,theja-m/Data-Structures-and-Algorithms,2020-01-04T05:09:41Z,1432,1432,Python,True,True,,2024-10-07 05:31:03+00:00
avijit9,avijit9/awesome-computer-vision-in-sports,2018-05-29T12:35:11Z,94,94,,True,True,,2024-10-06 17:33:35+00:00
gkdevops,gkdevops/restapi-code,2024-10-06T16:01:02Z,0,0,Python,True,True,,2024-10-06 17:23:08+00:00
jaiakash,jaiakash/banking,2024-10-05T22:04:21Z,0,0,,True,True,,2024-10-06 08:34:16+00:00
omkar-334,omkar-334/agentic_rag,2024-09-26T05:43:46Z,1,1,Python,True,True,,2024-10-06 07:53:36+00:00
MuhammadHassaanArain,MuhammadHassaanArain/28-todo-list,2024-10-06T06:51:04Z,0,0,TypeScript,True,True,,2024-10-06 06:52:23+00:00
in28minutes,in28minutes/functional-programming-with-java,2019-10-11T20:24:48Z,354,354,Java,True,True,,2024-10-05 01:35:12+00:00
MuhammadHassaanArain,MuhammadHassaanArain/27-url-shortener,2024-10-04T06:10:57Z,0,0,TypeScript,True,True,,2024-10-04 06:16:01+00:00
stacksimplify,stacksimplify/aws-fargate-ecs-masterclass,2019-12-05T04:37:22Z,236,236,Java,True,True,,2024-10-03 18:08:03+00:00
Shra1V32,Shra1V32/Build-Script,2024-08-30T08:20:14Z,1,1,Shell,True,True,,2024-10-03 18:00:05+00:00
rishabsingh3003,rishabsingh3003/ardupilot,2019-02-11T09:01:38Z,3,3,C++,True,False,gpl-3.0,2024-10-03 15:36:26+00:00
keshav-exe,keshav-exe/projekt-prithvi,2022-12-05T17:24:04Z,1,1,JavaScript,True,True,,2024-10-03 14:29:09+00:00
adiralashiva8,adiralashiva8/adiralashiva8,2020-07-23T16:51:00Z,0,0,,True,True,,2024-10-03 10:05:03+00:00
keshav-exe,keshav-exe/keshav-exe,2024-10-03T09:40:30Z,0,0,,True,True,,2024-10-03 09:56:05+00:00
AmoghTiwari,AmoghTiwari/pybullet_exps,2024-10-03T08:58:11Z,0,0,,True,True,mit,2024-10-03 08:58:12+00:00
MuhammadHassaanArain,MuhammadHassaanArain/26-snake-game,2024-10-03T07:20:04Z,0,0,TypeScript,True,True,,2024-10-03 07:22:06+00:00
harshit3011,harshit3011/Javascript-practice-mini-projects,2024-05-18T16:02:08Z,1,1,HTML,True,True,,2024-10-02 21:06:36+00:00
bytesByHarsh,bytesByHarsh/go-my-info,2024-08-21T19:45:50Z,0,0,Go,True,True,mit,2024-10-02 20:48:07+00:00
urvashii-b,urvashii-b/Frontend,2024-09-11T07:22:22Z,0,0,HTML,True,True,,2024-10-02 06:04:37+00:00
codewithdev,codewithdev/Apache-Avro-Docs,2022-09-11T21:31:47Z,0,0,HTML,True,True,apache-2.0,2024-10-01 21:43:10+00:00
RakeshSangem,RakeshSangem/growthx-form,2024-02-26T15:38:25Z,0,0,TypeScript,True,True,,2024-09-30 15:51:07+00:00
NotHarshhaa,NotHarshhaa/DevOps-Tool-Installer,2024-07-30T15:49:08Z,33,33,Shell,True,True,bsd-3-clause,2024-09-30 15:33:16+00:00
dkapur17,dkapur17/project-louis,2024-09-23T18:07:33Z,0,0,C++,True,False,,2024-09-30 14:17:58+00:00
kritikarag,kritikarag/DSA-Prep,2022-05-02T23:12:35Z,8,8,C++,True,True,mit,2024-09-29 17:29:29+00:00
gkdevops,gkdevops/cloud-and-devops-certifications,2022-02-03T19:31:34Z,0,0,,True,True,apache-2.0,2024-09-29 16:16:52+00:00
gkdevops,gkdevops/devops-prerequisites,2021-01-28T01:38:22Z,4,4,,True,True,,2024-09-29 16:15:45+00:00
OmGodse,OmGodse/omgodse.github.io,2023-03-19T13:04:41Z,1,1,HTML,False,False,,2024-09-29 15:37:20+00:00
gkdevops,gkdevops/aws-3tier-project-demo,2024-09-28T14:08:36Z,0,0,TypeScript,True,True,,2024-09-29 12:58:05+00:00
jaiakash,jaiakash/admin-dashboard,2023-12-01T09:40:13Z,0,0,JavaScript,True,True,,2024-09-29 12:51:44+00:00
Shra1V32,Shra1V32/cpu-usage-aggregator,2024-08-09T07:52:35Z,1,1,Python,True,True,,2024-09-29 06:28:10+00:00
Karthik2917k,Karthik2917k/rnit-todo,2024-09-28T07:20:23Z,0,0,TypeScript,True,True,,2024-09-29 06:10:03+00:00
bytesByHarsh,bytesByHarsh/blogs,2021-12-29T06:51:38Z,0,0,SCSS,True,False,mit,2024-09-28 16:10:00+00:00
tittuvarghese,tittuvarghese/fabric,2024-09-24T13:30:37Z,0,0,,True,False,apache-2.0,2024-09-28 15:04:05+00:00
swaroopnadella,swaroopnadella/CoreJava_June2024Batch,2024-08-04T12:09:40Z,0,0,Java,True,True,,2024-09-28 14:50:38+00:00
bytesByHarsh,bytesByHarsh/bytesByHarsh,2021-02-06T20:57:26Z,0,0,,True,True,,2024-09-28 13:39:04+00:00
SaikrishnaReddy1919,SaikrishnaReddy1919/data-marathon,2024-09-23T18:04:54Z,0,0,JavaScript,True,False,,2024-09-28 09:56:06+00:00
NotHarshhaa,NotHarshhaa/DevOps_Setup-Installations,2023-09-08T11:39:28Z,99,99,,True,True,,2024-09-28 09:50:09+00:00
abhinav-upadhyay,abhinav-upadhyay/Essentials-of-Compilation,2024-08-02T07:29:47Z,0,0,,True,True,,2024-09-28 08:51:28+00:00
SiddharthaBose30,SiddharthaBose30/TubeRecap,2024-03-23T22:39:27Z,1,1,TypeScript,True,True,,2024-09-28 05:50:15+00:00
husain-zaidi,husain-zaidi/husain-zaidi.github.io,2023-02-26T12:15:13Z,0,0,SCSS,True,True,other,2024-09-27 16:58:59+00:00
zubairabid,zubairabid/azure-rest-api-specs,2022-10-03T11:42:46Z,0,0,HCL,True,True,mit,2024-09-27 08:04:41+00:00
suhailroushan13,suhailroushan13/API-Security-Fundamentals,2024-09-15T20:27:51Z,0,0,,True,True,,2024-09-27 07:19:45+00:00
nmondal,nmondal/lucene-s3directory,2024-09-27T04:52:33Z,0,0,Java,True,True,apache-2.0,2024-09-27 06:21:06+00:00
prudhvir3ddy,prudhvir3ddy/EarlyEntryPoint-Sample,2024-03-23T14:46:47Z,0,0,Kotlin,True,True,,2024-09-27 04:26:04+00:00
prudhvir3ddy,prudhvir3ddy/awesome-working,2024-09-20T08:12:21Z,4,4,,True,True,,2024-09-27 03:35:05+00:00
rafi7391,rafi7391/SmokeTree-Assignment,2024-09-26T14:23:06Z,0,0,JavaScript,True,True,,2024-09-26 14:39:26+00:00
vivekvardhan2810,vivekvardhan2810/CGPA,2023-12-21T13:37:33Z,0,0,Jupyter Notebook,True,True,mit,2024-09-26 14:29:52+00:00
prudhvir3ddy,prudhvir3ddy/Android-At-Scale,2023-09-30T13:04:08Z,3,3,,True,True,gpl-3.0,2024-09-26 00:13:50+00:00
vivekvardhan2810,vivekvardhan2810/Bharti-Airtel-Stock-Price-Prediction,2024-09-25T18:55:15Z,0,0,Jupyter Notebook,True,True,mit,2024-09-25 19:05:38+00:00
vivekvardhan2810,vivekvardhan2810/Apriori-Market-Basket-Analysis,2024-09-25T18:44:51Z,0,0,Jupyter Notebook,True,True,mit,2024-09-25 18:47:10+00:00
vivekvardhan2810,vivekvardhan2810/Cipla-Stock-Price-Prediction,2024-09-25T18:18:52Z,0,0,Jupyter Notebook,True,True,mit,2024-09-25 18:20:23+00:00
thenaveensaggam,thenaveensaggam/next-dashboard,2024-09-24T15:43:52Z,0,0,TypeScript,True,True,,2024-09-24 16:01:07+00:00
sudhir-voleti,sudhir-voleti/Marketing_Segmentation_New,2020-12-27T11:03:31Z,0,0,R,True,True,,2024-09-24 13:10:46+00:00
anantcodes,anantcodes/anantcodes,2020-07-20T15:41:09Z,2,2,,True,True,,2024-09-24 11:59:30+00:00
sanjay-sol,sanjay-sol/lightdash,2024-08-28T21:24:42Z,0,0,,True,False,mit,2024-09-24 10:01:24+00:00
saikiranpi,saikiranpi/Mastering-Docker,2024-06-20T10:11:22Z,62,62,Shell,True,True,,2024-09-24 07:10:46+00:00
Zohaib-Sathio,Zohaib-Sathio/Chicken-Disease-Classification-MLOps-Approach,2024-09-19T17:36:11Z,0,0,Jupyter Notebook,True,True,,2024-09-23 15:15:31+00:00
nmondal,nmondal/cowj,2023-05-30T13:29:55Z,16,16,Java,True,True,apache-2.0,2024-09-23 07:28:32+00:00
nithingooud,nithingooud/developer-nithin-admin,2024-09-21T05:04:29Z,0,0,JavaScript,True,True,,2024-09-22 15:42:53+00:00
SiddharthaBose30,SiddharthaBose30/privacy-policy,2024-09-22T00:04:28Z,0,0,HTML,True,True,,2024-09-22 00:08:56+00:00
iamshubhamg,iamshubhamg/iamshubhamg.github.io,2020-01-18T16:01:12Z,7,7,HTML,True,True,mit,2024-09-21 20:25:04+00:00
arnab9593,arnab9593/cookbook,2024-09-21T14:24:11Z,0,0,TypeScript,True,True,mit,2024-09-21 14:42:22+00:00
iamshubhamg,iamshubhamg/Book-My-Show-Coldplay-tickets,2024-09-21T13:23:39Z,6,6,Python,True,True,,2024-09-21 14:35:17+00:00
Sudhindra3000,Sudhindra3000/Delta-App-Dev-Project,2020-10-12T05:50:17Z,2,2,Java,True,True,,2024-09-21 12:20:38+00:00
devalab,devalab/SynFormer,2024-04-24T17:42:25Z,0,0,Jupyter Notebook,True,True,mit,2024-09-21 07:45:15+00:00
kartikmandhan,kartikmandhan/ctf,2024-09-21T05:28:53Z,0,0,JavaScript,True,True,,2024-09-21 05:33:31+00:00
shravankoninti,shravankoninti/Patent-DraftGenerator,2024-09-19T19:49:35Z,0,0,Jupyter Notebook,True,True,,2024-09-21 03:14:45+00:00
fayaz07,fayaz07/awesome-working,2024-09-20T17:53:54Z,0,0,,True,True,,2024-09-20 08:15:41+00:00
saiankit,saiankit/cgpacalculator,2020-07-07T06:32:14Z,12,12,Dart,True,True,,2024-09-19 19:15:08+00:00
MRamya-sri,MRamya-sri/Java-Script,2024-08-28T13:20:38Z,0,0,JavaScript,True,True,,2024-09-19 14:04:08+00:00
devalab,devalab/DeepPocket,2021-03-05T11:21:46Z,90,90,Python,True,True,mit,2024-09-19 11:37:05+00:00
urvashii-b,urvashii-b/Challenges2024,2024-03-09T18:41:22Z,1,1,Jupyter Notebook,True,True,,2024-09-19 11:21:46+00:00
urvashii-b,urvashii-b/Design,2024-09-18T12:20:04Z,3,3,C++,True,True,,2024-09-19 11:07:41+00:00
in28minutes,in28minutes/course-material,2021-01-14T13:57:40Z,989,989,,True,True,,2024-09-19 05:48:02+00:00
hindupuravinash,hindupuravinash/transformers,2024-02-13T18:14:20Z,0,0,Python,True,True,apache-2.0,2024-09-19 03:51:46+00:00
Himanshu12866,Himanshu12866/E-Com-Web-App,2024-08-15T12:07:28Z,2,2,JavaScript,True,True,,2024-09-18 15:43:50+00:00
omkar-334,omkar-334/Amazon-ML-Challenge,2024-09-12T19:29:34Z,0,0,Jupyter Notebook,True,True,,2024-09-18 09:49:49+00:00
tejasvicsr1,tejasvicsr1/my-blog,2024-07-07T16:49:17Z,0,0,JavaScript,True,True,mit,2024-09-18 02:02:03+00:00
souvik150,souvik150/BookManagementSystem,2024-09-17T07:00:48Z,0,0,Java,True,True,,2024-09-17 18:04:46+00:00
RakeshSangem,RakeshSangem/Lift-Simulation,2024-08-22T16:32:28Z,0,0,JavaScript,True,True,,2024-09-17 17:26:21+00:00
praveensripati,praveensripati/learn-aws,2020-10-18T14:44:28Z,25,25,Python,True,True,,2024-09-17 10:07:52+00:00
mssanamateen,mssanamateen/SDC-IOT,2023-10-14T08:43:07Z,5,5,C++,True,True,,2024-09-17 10:02:44+00:00
dnabanita7,dnabanita7/dnabanita7.github.io,2024-04-04T17:25:07Z,0,0,HTML,True,True,mit,2024-09-17 04:05:28+00:00
aadhar54,aadhar54/aadhar54,2021-04-10T08:10:29Z,5,5,,True,True,,2024-09-17 00:28:39+00:00
pratishtha-abrol,pratishtha-abrol/the-polite-lang,2024-09-16T14:26:53Z,0,0,,True,False,mit,2024-09-16 14:26:54+00:00
keshav-exe,keshav-exe/cms,2024-08-03T12:48:25Z,0,0,TypeScript,True,True,,2024-09-16 07:21:34+00:00
narasimhavuppala,narasimhavuppala/02_Online-Calculator,2017-12-07T15:48:59Z,0,0,Java,True,True,,2024-09-16 01:56:25+00:00
harshit3011,harshit3011/Go-Book-Management,2024-09-14T12:59:49Z,0,0,Go,True,True,,2024-09-14 13:00:56+00:00
sonali123123,sonali123123/dockerimagehub,2024-09-14T10:38:07Z,0,0,Python,True,True,,2024-09-14 11:26:06+00:00
akcube,akcube/Inter-college-Competitive-Programming-Camp,2023-08-15T09:57:01Z,9,9,Python,True,True,,2024-09-14 10:13:18+00:00
ankitpati,ankitpati/dockerfiles,2022-04-17T16:44:59Z,0,0,Dockerfile,False,False,gpl-3.0,2024-09-14 08:19:11+00:00
codewithdev,codewithdev/actual-docs,2024-07-04T21:21:48Z,0,0,JavaScript,True,False,,2024-09-14 05:11:02+00:00
imajaydwivedi,imajaydwivedi/SQLDBA-SSMS-Solution,2023-12-09T01:32:40Z,4,4,TSQL,True,True,mit,2024-09-14 04:19:30+00:00
shravankoninti,shravankoninti/mai-deploy-frontend,2024-09-15T11:41:36Z,0,0,,True,True,,2024-09-14 02:39:57+00:00
shravankoninti,shravankoninti/mai-deploy,2024-09-15T11:37:56Z,0,0,,True,True,apache-2.0,2024-09-14 02:38:18+00:00
phanimahesh,phanimahesh/dotfiles,2015-02-19T11:51:56Z,3,3,Shell,True,True,mit,2024-09-13 12:49:24+00:00
hemanth22,hemanth22/30-Days-Of-JavaScript,2021-04-25T15:51:02Z,2,2,JavaScript,True,True,,2024-09-12 13:45:46+00:00
adiralashiva8,adiralashiva8/robbotframework-selenium2browser,2024-09-06T05:48:46Z,0,0,RobotFramework,True,True,,2024-09-12 13:43:08+00:00
samhita-alla,samhita-alla/GFPGAN,2024-09-12T10:03:18Z,0,0,Python,True,True,other,2024-09-12 10:04:02+00:00
07-Mayankraj,07-Mayankraj/React_1.0,2024-07-28T13:25:12Z,0,0,JavaScript,True,True,,2024-09-11 20:12:43+00:00
Kabir-Sagiii,Kabir-Sagiii/AIT_ReactDemos,2023-05-16T02:04:52Z,0,0,HTML,True,True,,2024-09-11 15:31:27+00:00
saikiranpi,saikiranpi/Mastering-Kubernetes,2024-07-23T05:54:06Z,37,37,,True,True,,2024-09-11 14:43:24+00:00
amit-bhandari,amit-bhandari/amit-bhandari,2024-01-16T12:47:36Z,0,0,,True,True,,2024-09-11 12:37:50+00:00
Zohaib-Sathio,Zohaib-Sathio/Detection-of-AI-Generated-Audios-Face-Images,2024-09-10T17:06:47Z,0,0,HTML,True,True,,2024-09-10 18:01:08+00:00
in28minutes,in28minutes/devops-master-class,2020-01-20T03:46:30Z,2304,2304,Java,True,True,,2024-09-10 15:32:33+00:00
chandu078,chandu078/android_system_core,2024-09-08T16:35:11Z,0,0,C++,True,False,other,2024-09-10 04:48:39+00:00
venkat09docs,venkat09docs/HF-FastAPI-with-github-actions,2024-09-09T03:21:03Z,0,0,Python,True,True,,2024-09-10 03:35:49+00:00
RAJANAGORI,RAJANAGORI/Nightingale,2020-10-04T16:38:40Z,226,226,Dockerfile,True,True,gpl-3.0,2024-09-09 18:53:24+00:00
KORLA2,KORLA2/End-to-End-Jenkins-Pipeline,2024-09-05T05:43:12Z,0,0,JavaScript,True,True,,2024-09-08 11:58:24+00:00
NotHarshhaa,NotHarshhaa/prodevopsguy.hashnode.dev,2023-09-20T10:58:16Z,3,3,,True,True,,2024-09-08 11:01:07+00:00
imajaydwivedi,imajaydwivedi/Linux-Learning,2022-01-10T04:08:43Z,1,1,Shell,True,True,mit,2024-09-08 09:51:40+00:00
sirilalithaadapa,sirilalithaadapa/e-commerce,2024-08-10T09:25:13Z,0,0,JavaScript,True,False,mit,2024-09-08 08:46:55+00:00
kasiriveni,kasiriveni/javascript-problem-solving,2024-09-07T11:26:17Z,0,0,,True,True,,2024-09-07 11:26:17+00:00
abhinav-upadhyay,abhinav-upadhyay/bloomfilters-and-beyond,2023-09-05T19:10:29Z,3,3,Python,True,True,mit,2024-09-07 08:50:25+00:00
soumitradev,soumitradev/3d_explicit_cuda_code_with_locally_computed_weights_one,2024-06-13T05:35:04Z,0,0,Fortran,True,True,,2024-09-07 03:05:14+00:00
sharanya02,sharanya02/krispydb,2021-01-13T19:00:08Z,0,0,JavaScript,True,True,,2024-09-06 05:18:37+00:00
specialsusheel,specialsusheel/FlowScope,2024-09-06T04:29:03Z,0,0,Python,True,True,,2024-09-06 04:30:08+00:00
RakeshSangem,RakeshSangem/justlink,2024-01-10T11:49:11Z,0,0,TypeScript,True,True,,2024-09-06 02:15:59+00:00
shreyamalogi,shreyamalogi/Dockerizing-Node-app,2024-09-05T19:43:05Z,3,3,JavaScript,True,True,mit,2024-09-05 20:44:16+00:00
sanjay-sol,sanjay-sol/chartdb,2024-09-05T14:10:34Z,0,0,,True,False,agpl-3.0,2024-09-05 14:22:19+00:00
Faizan2228,Faizan2228/Data_Structure_and_Algorithm,2024-09-05T10:56:51Z,0,0,HTML,True,True,,2024-09-05 11:02:04+00:00
in28minutes,in28minutes/camel,2021-01-18T11:47:36Z,83,83,JavaScript,True,True,,2024-09-05 07:23:55+00:00
venkat09docs,venkat09docs/Flask-app-demo-github-actions,2024-09-04T03:10:34Z,0,0,Python,True,True,,2024-09-05 03:59:38+00:00
saikiranpi,saikiranpi/DevOps-interview-Kit,2024-06-22T05:44:40Z,33,33,,True,True,,2024-09-05 02:42:07+00:00
kaushik-rishi,kaushik-rishi/concurrency-examples,2024-09-04T16:41:26Z,0,0,Java,True,True,,2024-09-04 16:44:28+00:00
NotHarshhaa,NotHarshhaa/Kubernetes,2023-08-10T04:20:20Z,103,103,Dockerfile,True,True,,2024-09-04 16:04:15+00:00
Faizan2228,Faizan2228/React-Projects,2024-07-14T07:21:23Z,0,0,JavaScript,True,True,,2024-09-04 11:20:42+00:00
SAGARSURI,SAGARSURI/AVCheck,2024-09-04T09:13:44Z,0,0,Swift,True,True,,2024-09-04 10:21:26+00:00
fayaz07,fayaz07/fayaz07.github.io,2022-02-10T03:52:44Z,1,1,HTML,True,True,,2024-09-04 04:25:22+00:00
iampranavdhar,iampranavdhar/campusmind,2023-02-19T14:39:23Z,11,11,JavaScript,True,True,mit,2024-09-03 16:28:09+00:00
arunmotoori,arunmotoori/Batch3AutomationPartTwo,2024-08-28T15:25:48Z,0,0,Java,True,True,,2024-09-03 15:17:06+00:00
nischalare,nischalare/googleapichatbot,2024-09-03T14:28:16Z,0,0,,True,True,,2024-09-03 14:28:16+00:00
venkat09docs,venkat09docs/HF-Notebooks,2024-08-27T07:11:49Z,0,0,Jupyter Notebook,True,True,,2024-09-03 11:43:31+00:00
venkat09docs,venkat09docs/github-actions-demo,2024-09-03T03:12:46Z,0,0,,True,True,,2024-09-03 03:55:44+00:00
muralikrishna188,muralikrishna188/ABC-HRMS-June2024,2024-07-02T02:36:29Z,0,0,,True,True,,2024-09-03 03:17:26+00:00
harinadh76,harinadh76/harinadh76,2021-11-13T11:16:03Z,2,2,,True,False,,2024-09-02 17:34:46+00:00
nischalare,nischalare/chatllm,2024-09-02T17:21:46Z,0,0,,True,True,,2024-09-02 17:21:46+00:00
shreyamalogi,shreyamalogi/Customer-Purchase-Insights,2024-08-31T14:35:45Z,3,3,Jupyter Notebook,True,True,mit,2024-09-02 14:32:03+00:00
iam-veeramalla,iam-veeramalla/community-operators-prod,2023-08-16T17:04:56Z,106,106,Dockerfile,True,False,apache-2.0,2024-09-02 13:34:29+00:00
iam-veeramalla,iam-veeramalla/community-operators,2023-08-11T18:48:35Z,101,101,Dockerfile,True,False,apache-2.0,2024-09-02 13:00:08+00:00
surajbahadur591,surajbahadur591/classroomio,2024-09-02T08:33:14Z,0,0,,True,True,agpl-3.0,2024-09-02 08:07:46+00:00
ASHWIN990,ASHWIN990/LordPuneet,2023-05-29T07:11:02Z,0,0,CSS,True,True,,2024-09-02 05:12:48+00:00
umangahuja1,umangahuja1/grep-example,2024-08-31T19:46:03Z,0,0,,True,False,mit,2024-09-01 20:04:41+00:00
nandakishormpai,nandakishormpai/nandakishormpai,2021-04-30T03:17:02Z,0,0,,True,True,,2024-09-01 18:43:20+00:00
SAGARSURI,SAGARSURI/codecrafters-shell-rust,2024-09-01T07:24:41Z,0,0,Rust,True,True,,2024-09-01 07:24:56+00:00
SAGARSURI,SAGARSURI/codecrafters-http-server-dart,2024-09-01T07:21:52Z,0,0,Dart,True,True,,2024-09-01 07:22:35+00:00
amit-bhandari,amit-bhandari/AB-Music-Player,2018-01-21T19:49:30Z,83,83,Java,True,True,apache-2.0,2024-09-01 06:54:34+00:00
amit-bhandari,amit-bhandari/Stopwatch-Jetpack-Compose,2024-08-25T14:04:19Z,16,16,Kotlin,True,True,,2024-09-01 06:54:06+00:00
aadhar54,aadhar54/1FSD,2024-06-27T01:55:56Z,0,0,JavaScript,True,True,,2024-08-31 12:45:59+00:00
kulbirsaini,kulbirsaini/Home-Page,2011-03-02T18:14:26Z,2,2,HTML,True,True,,2024-08-31 11:34:05+00:00
crusader2000,crusader2000/poisson_matting,2020-11-27T13:16:41Z,1,1,Jupyter Notebook,True,True,,2024-08-30 23:55:54+00:00
biswaroop1547,biswaroop1547/face_detection_and_gender_and_age_estimation,2020-07-07T04:14:17Z,2,2,Python,True,True,,2024-08-30 23:54:21+00:00
rishabsingh3003,rishabsingh3003/Swarm-Alphabet,2020-03-11T12:47:35Z,6,6,Python,True,True,gpl-3.0,2024-08-30 23:52:05+00:00
Pavankunchala,Pavankunchala/Deep-Learning,2020-07-24T08:34:47Z,33,33,Python,True,True,,2024-08-30 23:44:32+00:00
prateekkumarweb,prateekkumarweb/giscus,2024-08-30T17:11:20Z,0,0,,False,False,,2024-08-30 17:11:21+00:00
ERAMITDHOMNE,ERAMITDHOMNE/Batch-009-,2024-08-30T16:39:43Z,0,0,HTML,True,True,,2024-08-30 16:40:14+00:00
sonali123123,sonali123123/CustomGPT,2024-08-30T08:28:11Z,0,0,Python,True,True,,2024-08-30 11:45:47+00:00
keshav-exe,keshav-exe/projekt-kosh,2024-08-10T11:28:20Z,38,38,TypeScript,True,True,,2024-08-30 09:14:37+00:00
biju-borah,biju-borah/CarlSMSfrontend,2024-03-07T17:47:32Z,0,0,JavaScript,True,True,,2024-08-28 16:38:45+00:00
The-Coder-Kishor,The-Coder-Kishor/Discord-CAS,2024-03-23T15:48:56Z,0,0,Python,True,True,,2024-08-28 16:32:13+00:00
rajdeepd,rajdeepd/deeplearningai,2023-06-03T08:40:20Z,0,0,Jupyter Notebook,True,True,,2024-08-28 10:09:46+00:00
akshatdalton,akshatdalton/akshatdalton,2021-06-15T09:47:41Z,1,1,,True,True,,2024-08-28 09:09:09+00:00
abhinav-upadhyay,abhinav-upadhyay/cpython,2023-08-09T17:46:59Z,0,0,Python,True,False,other,2024-08-28 07:08:18+00:00
iam-veeramalla,iam-veeramalla/argocd-operator,2023-07-03T09:46:13Z,238,238,,True,False,apache-2.0,2024-08-28 05:59:00+00:00
kritikarag,kritikarag/odoo,2024-08-28T00:47:46Z,0,0,,True,True,other,2024-08-28 00:20:23+00:00
kritikarag,kritikarag/kritikarag,2022-08-21T20:22:48Z,0,0,,True,True,,2024-08-27 23:53:21+00:00
Shahzaib-D-Memon,Shahzaib-D-Memon/Quiz-App,2024-06-28T06:29:35Z,1,1,JavaScript,True,True,,2024-08-27 15:41:06+00:00
narasimhavuppala,narasimhavuppala/01-spring-data-demos,2019-07-30T17:59:36Z,0,0,Java,True,True,,2024-08-26 17:13:17+00:00
stacksimplify,stacksimplify/springboot-buildingblocks,2019-07-27T04:04:42Z,40,40,Java,True,True,,2024-08-26 17:10:56+00:00
anantcodes,anantcodes/Data-Analysis,2024-07-31T08:11:34Z,0,0,Jupyter Notebook,True,True,,2024-08-26 13:56:23+00:00
sudhir-voleti,sudhir-voleti/FactorAn,2022-09-02T08:01:50Z,0,0,,True,True,,2024-08-26 07:42:49+00:00
jaiakash,jaiakash/.github,2024-08-04T09:06:37Z,0,0,,True,True,,2024-08-26 05:14:00+00:00
whoisandy,whoisandy/go-redis-queue,2024-08-25T07:04:11Z,0,0,Go,True,True,mit,2024-08-25 07:05:11+00:00
07-Mayankraj,07-Mayankraj/mock-server,2023-04-20T20:10:23Z,1,1,JavaScript,True,True,,2024-08-24 21:47:08+00:00
static-var,static-var/hugo-theme-monochrome,2023-08-15T17:03:46Z,0,0,HTML,True,True,mit,2024-08-24 08:13:55+00:00
vikaschoudhary16,vikaschoudhary16/ebpf,2024-08-20T10:21:12Z,0,0,,True,False,mit,2024-08-24 00:44:12+00:00
MadhavBahl,MadhavBahl/all-about-investments,2024-07-04T17:38:31Z,8,8,,True,False,,2024-08-23 17:23:25+00:00
Dayitva,Dayitva/Alpha-Challenge,2024-08-25T02:41:51Z,0,0,,True,False,,2024-08-23 15:04:57+00:00
mintuhouse,mintuhouse/langchain,2024-07-28T03:32:29Z,0,0,,True,True,mit,2024-08-22 20:45:41+00:00
kshyam,kshyam/devops-news,2024-08-22T19:15:18Z,0,0,,True,True,,2024-08-22 19:56:55+00:00
UmamaheshMaxwell,UmamaheshMaxwell/aiven-api-endpoints,2024-08-09T07:45:59Z,0,0,Shell,True,True,,2024-08-22 18:02:36+00:00
harshit3011,harshit3011/Order-Management-gRPC,2024-08-22T10:56:07Z,0,0,Go,True,True,,2024-08-22 14:22:52+00:00
InterviewReady,InterviewReady/system-design-resources,2022-05-19T05:37:49Z,15896,15896,,True,True,gpl-3.0,2024-08-22 04:25:10+00:00
amoghakancharla,amoghakancharla/first-contributions,2023-09-10T07:37:24Z,0,0,,True,True,mit,2024-08-21 15:16:03+00:00
kshyam,kshyam/ai-tools-bookmark-manager,2024-08-21T05:34:15Z,0,0,JavaScript,True,True,,2024-08-21 06:20:20+00:00
avijit9,avijit9/awesome-domain-adaptation,2024-08-20T18:26:37Z,0,0,,True,True,mit,2024-08-20 18:29:55+00:00
arunmotoori,arunmotoori/JavaBatchThree,2024-07-26T13:09:55Z,0,0,Java,True,True,,2024-08-20 16:01:05+00:00
manishprivet,manishprivet/.dotfiles,2023-03-19T05:55:14Z,0,0,Shell,True,True,,2024-08-20 15:15:42+00:00
shreyamalogi,shreyamalogi/data-prepossessing-using-pandas,2024-08-20T11:38:35Z,3,3,Jupyter Notebook,True,True,,2024-08-20 12:10:26+00:00
kasiriveni,kasiriveni/nodejs-examples,2024-08-19T13:58:13Z,0,0,JavaScript,True,True,mit,2024-08-20 11:19:50+00:00
20sw084,20sw084/appbar_dropdown,2024-08-20T07:09:31Z,0,0,,True,True,bsd-3-clause,2024-08-20 07:12:23+00:00
raghurama123,raghurama123/allometry,2024-08-19T15:25:47Z,0,0,,True,True,mit,2024-08-19 15:25:47+00:00
iam-veeramalla,iam-veeramalla/aws-devops-zero-to-hero,2023-06-19T06:13:08Z,6826,6826,Python,True,True,apache-2.0,2024-08-19 07:36:34+00:00
sagaragarwal94,sagaragarwal94/sagaragarwal94.github.io,2020-05-07T21:39:28Z,0,0,CSS,True,True,,2024-08-19 06:53:01+00:00
praveenpuglia,praveenpuglia/dotfiles,2017-07-12T18:43:25Z,4,4,Shell,True,True,,2024-08-19 04:00:17+00:00
Dayitva,Dayitva/banilot,2024-08-19T03:00:08Z,0,0,TypeScript,True,True,,2024-08-19 03:00:25+00:00
ASHWIN990,ASHWIN990/ADB-Toolkit,2019-03-15T15:56:34Z,1551,1551,Shell,True,True,gpl-3.0,2024-08-18 20:56:06+00:00
hemanth22,hemanth22/30-Days-Of-Python,2021-04-25T15:52:05Z,0,0,Python,True,True,,2024-08-17 23:00:55+00:00
sanjay-sol,sanjay-sol/learning-golang,2024-04-24T11:34:06Z,1,1,Go,True,True,,2024-08-17 20:15:17+00:00
asdsyd,asdsyd/GitHubExplorer,2024-08-05T14:41:22Z,0,0,Swift,True,True,,2024-08-17 10:29:25+00:00
mayank2903,mayank2903/codeforcesRatingNotifier,2024-08-17T09:30:37Z,0,0,,True,True,,2024-08-17 09:30:37+00:00
thecaffeinedev,thecaffeinedev/cli,2024-08-07T07:04:32Z,0,0,Go,True,False,mit,2024-08-16 17:24:59+00:00
iam-veeramalla,iam-veeramalla/ansible-zero-to-hero,2024-05-15T12:27:58Z,615,615,HTML,True,False,apache-2.0,2024-08-16 14:17:04+00:00
nmondal,nmondal/commons-jxpath,2022-12-13T17:09:22Z,0,0,Java,True,False,apache-2.0,2024-08-16 07:09:27+00:00
imajaydwivedi,imajaydwivedi/Images,2018-04-26T10:50:06Z,3,3,,True,True,,2024-08-16 02:02:08+00:00
mintuhouse,mintuhouse/weaviate-python-client,2024-08-16T03:25:15Z,0,0,,True,False,bsd-3-clause,2024-08-15 21:06:11+00:00
nischalare,nischalare/360degreeproductviewer,2024-08-15T16:48:40Z,0,0,JavaScript,True,True,,2024-08-15 16:57:35+00:00
Megha-Bose,Megha-Bose/Adaptive-MTD,2022-08-12T05:28:25Z,2,2,Python,True,True,,2024-08-15 14:46:12+00:00
apnerve,apnerve/client-sdk-js,2022-08-26T12:42:45Z,1,1,TypeScript,True,True,apache-2.0,2024-08-15 07:32:50+00:00
yaswanthpalaghat,yaswanthpalaghat/Disease-prediction-using-Machine-Learning,2018-11-13T08:50:02Z,102,102,Python,True,True,,2024-08-14 07:30:37+00:00
stacksimplify,stacksimplify/google-kubernetes-engine,2023-02-26T05:47:02Z,141,141,HTML,True,True,,2024-08-14 06:24:56+00:00
thecaffeinedev,thecaffeinedev/jaeger,2024-08-06T07:28:16Z,0,0,Go,True,False,apache-2.0,2024-08-14 04:09:52+00:00
crux-bphc,crux-bphc/chronofactorem-rewrite,2023-06-17T15:20:05Z,13,13,TypeScript,True,True,mit,2024-08-14 02:19:57+00:00
nithingooud,nithingooud/independence78,2024-08-14T02:06:52Z,1,1,HTML,True,True,,2024-08-14 02:06:54+00:00
afarhan,afarhan/sbitx,2020-12-06T04:36:47Z,170,170,C,True,True,,2024-08-13 19:21:13+00:00
AurumnPegasus,AurumnPegasus/AurumnPegasus.github.io,2024-08-11T17:21:06Z,0,0,,True,True,gpl-3.0,2024-08-13 16:39:18+00:00
GO-viper7,GO-viper7/Submitty,2023-12-30T12:19:39Z,0,0,PHP,True,False,bsd-3-clause,2024-08-13 13:34:59+00:00
hemanth22,hemanth22/ansible-real-life,2022-11-25T15:43:15Z,0,0,Python,True,False,mit,2024-08-13 07:15:40+00:00
chandu078,chandu078/android_kernel_oneplus_sm8550-modules,2024-08-13T04:37:43Z,0,0,,True,False,,2024-08-13 04:46:51+00:00
chandu078,chandu078/android_kernel_oneplus_sm8550-devicetrees,2024-08-13T04:38:01Z,0,0,,True,False,,2024-08-13 04:44:57+00:00
chandu078,chandu078/android_kernel_oneplus_sm8550,2024-08-13T04:38:56Z,0,0,,True,False,other,2024-08-13 04:43:22+00:00
harshit3011,harshit3011/My-Connections-App,2024-08-12T19:44:38Z,0,0,JavaScript,True,True,,2024-08-12 19:49:49+00:00
abhishekrawe,abhishekrawe/abhishekrawe,2020-09-04T19:16:11Z,0,0,,True,True,,2024-08-12 14:36:41+00:00
vishalsingh2972,vishalsingh2972/NodeJS-Contanerization,2024-08-12T00:00:21Z,0,0,TypeScript,True,True,,2024-08-12 00:03:04+00:00
AurumnPegasus,AurumnPegasus/mkdocs-blog,2024-08-11T16:50:24Z,0,0,,True,True,gpl-3.0,2024-08-11 17:12:03+00:00
jkka777,jkka777/github-readme-stats,2023-01-09T15:10:22Z,0,0,JavaScript,True,False,mit,2024-08-11 12:28:12+00:00
vishalsingh2972,vishalsingh2972/chat-example,2024-08-10T18:54:07Z,0,0,JavaScript,True,False,mit,2024-08-10 19:02:45+00:00
ankits-svg,ankits-svg/Displaycards,2024-08-10T07:13:05Z,0,0,CSS,True,True,,2024-08-10 07:18:44+00:00
sudhir-voleti,sudhir-voleti/basic-text-analysis-shinyapp,2019-09-25T00:27:36Z,2,2,R,True,True,,2024-08-10 00:54:17+00:00
0xVikasRushi,0xVikasRushi/aadhaar-semaphore,2024-08-09T09:24:31Z,0,0,,True,False,,2024-08-09 08:14:44+00:00
nischalare,nischalare/portfoliobasicapp,2022-08-17T09:14:51Z,0,0,HTML,True,True,,2024-08-08 13:53:22+00:00
akshar-raaj,akshar-raaj/Design-Patterns,2024-07-25T18:01:27Z,0,0,Python,True,True,,2024-08-07 10:33:36+00:00
MRamya-sri,MRamya-sri/Email_SMS-Spam-Classifier,2023-10-17T10:53:54Z,0,0,Jupyter Notebook,True,True,mit,2024-08-07 07:17:13+00:00
thecaffeinedev,thecaffeinedev/permify,2023-03-16T12:00:17Z,0,0,Go,True,True,apache-2.0,2024-08-07 06:17:20+00:00
susruth,susruth/blockchain,2024-08-12T03:57:30Z,0,0,,True,True,,2024-08-07 05:09:04+00:00
SaumyaMohandas,SaumyaMohandas/Google-Cloud-Platform-Deployment,2024-08-07T03:32:29Z,0,0,CSS,True,True,,2024-08-07 03:59:53+00:00
The-Coder-Kishor,The-Coder-Kishor/decore_form,2024-07-31T15:13:35Z,0,0,HTML,True,True,,2024-08-06 14:17:16+00:00
MRamya-sri,MRamya-sri/Express-js,2024-08-06T09:07:10Z,0,0,,True,True,,2024-08-06 09:07:10+00:00
MRamya-sri,MRamya-sri/E-Commerce-Analysis,2023-10-05T15:20:54Z,0,0,Jupyter Notebook,True,True,,2024-08-06 08:33:16+00:00
MRamya-sri,MRamya-sri/CSS,2024-01-19T16:22:36Z,0,0,HTML,True,True,,2024-08-06 07:13:21+00:00
RAJANAGORI,RAJANAGORI/agentic_security,2024-08-06T19:21:34Z,0,0,,True,False,apache-2.0,2024-08-05 17:34:12+00:00
shivajivarma,shivajivarma/sandeep-html,2024-08-05T13:20:16Z,0,0,HTML,True,True,,2024-08-05 14:04:39+00:00
crux-bphc,crux-bphc/crux-bphc.github.io,2017-01-24T18:59:10Z,7,7,HTML,True,True,gpl-3.0,2024-08-05 11:43:51+00:00
mhardik003,mhardik003/Lockness,2024-08-05T11:06:38Z,0,0,Python,True,True,,2024-08-05 11:16:49+00:00
crux-bphc,crux-bphc/bits-gpt,2024-01-20T06:52:30Z,10,10,Python,True,False,,2024-08-05 09:18:33+00:00
swaroopnadella,swaroopnadella/TestRepo1,2024-08-04T11:50:48Z,0,0,Java,True,True,,2024-08-04 12:07:51+00:00
harshit3011,harshit3011/Book-Shelf-App,2024-08-04T08:08:53Z,0,0,JavaScript,True,True,,2024-08-04 09:13:41+00:00
mhardik003,mhardik003/most-replayed-data,2024-08-04T07:28:56Z,0,0,Python,True,True,other,2024-08-04 07:33:51+00:00
OmGodse,OmGodse/Notally,2020-05-10T09:22:25Z,1690,1690,Kotlin,False,False,gpl-3.0,2024-08-03 16:50:16+00:00
crux-bphc,crux-bphc/crux-torrent,2024-01-27T15:56:44Z,0,0,Rust,True,True,,2024-08-02 15:46:17+00:00
abhishekrawe,abhishekrawe/Developer-Activity-Dashboard,2024-07-30T22:31:04Z,0,0,TypeScript,True,True,,2024-08-02 11:51:33+00:00
sonali123123,sonali123123/Computer_Vision,2024-08-02T10:56:37Z,0,0,,True,True,,2024-08-02 10:56:37+00:00
Pavankunchala,Pavankunchala/Custom-Object-Detection,2021-07-18T08:02:14Z,1,1,Python,True,True,mit,2024-08-02 10:52:14+00:00
thecaffeinedev,thecaffeinedev/eventflow-pg-rmq,2023-08-04T17:35:48Z,0,0,Go,True,False,mit,2024-08-02 07:25:34+00:00
shivajivarma,shivajivarma/shivajivarma.github.io,2013-06-28T16:35:22Z,1,1,HTML,True,True,other,2024-08-02 01:35:12+00:00
naveenjujaray,naveenjujaray/blog,2020-06-23T19:37:48Z,0,0,HTML,True,True,,2024-08-02 00:25:43+00:00
thenaveensaggam,thenaveensaggam/Bootstrap_4_Course,2019-10-23T10:05:23Z,9,9,HTML,True,True,,2024-08-01 10:32:25+00:00
hemanth22,hemanth22/AI_Spectrum,2022-01-29T16:44:25Z,0,0,Python,True,True,,2024-08-01 07:44:19+00:00
PALASH-BAJPAI,PALASH-BAJPAI/Data-Structures-And-Algorithms-Python-Notes,2021-07-21T15:50:38Z,17,17,Jupyter Notebook,True,True,,2024-07-31 17:25:54+00:00
sonali123123,sonali123123/2d_to_3d_Image_Converter,2024-07-31T11:32:27Z,0,0,,True,True,,2024-07-31 11:32:27+00:00
vishalsingh2972,vishalsingh2972/High-Level-Design,2024-06-27T10:25:43Z,1,1,Java,True,True,gpl-3.0,2024-07-31 06:59:17+00:00
manishprivet,manishprivet/digitalgarden,2024-07-31T04:14:16Z,0,0,,True,True,,2024-07-31 04:19:27+00:00
mhardik003,mhardik003/Improving-The-Change-You-Want-to-See,2024-07-30T20:26:19Z,0,0,Python,True,True,,2024-07-30 20:26:56+00:00
0xMukesh,0xMukesh/iblinked-blink,2024-07-24T20:26:07Z,0,0,TypeScript,True,True,,2024-07-30 12:53:15+00:00
manoharreddyporeddy,manoharreddyporeddy/projects7,2024-07-30T02:30:56Z,0,0,HTML,True,True,,2024-07-30 02:31:00+00:00
manoharreddyporeddy,manoharreddyporeddy/projects3,2024-07-29T22:43:50Z,0,0,HTML,True,True,,2024-07-29 22:43:57+00:00
manoharreddyporeddy,manoharreddyporeddy/projects2,2024-07-29T22:42:47Z,0,0,HTML,True,True,,2024-07-29 22:42:54+00:00
hemanth22,hemanth22/ansible-circleci,2024-07-29T14:50:44Z,0,0,Python,True,True,,2024-07-29 18:54:15+00:00
crux-bphc,crux-bphc/chronoscript,2023-04-15T12:55:10Z,10,10,Python,True,True,gpl-3.0,2024-07-29 12:18:41+00:00
shravankoninti,shravankoninti/ICPR_2024_Leaf_Inspect,2024-07-28T16:30:56Z,0,0,Jupyter Notebook,True,True,other,2024-07-28 17:40:13+00:00
Rishav-hub,Rishav-hub/computer-vision-course,2024-07-28T14:56:24Z,0,0,,True,False,mit,2024-07-28 14:57:39+00:00
apnerve,apnerve/awesome-app,2024-07-24T16:32:17Z,0,0,JavaScript,True,True,,2024-07-28 13:59:04+00:00
CaptainIRS,CaptainIRS/crowdsourced-deadlines,2024-04-16T09:24:01Z,0,0,JavaScript,True,True,,2024-07-28 10:04:05+00:00
cryptomint0,cryptomint0/Rakesh,2024-07-28T07:58:43Z,0,0,Shell,True,True,,2024-07-28 08:02:57+00:00
vishalsingh2972,vishalsingh2972/assignments,2023-12-03T18:56:36Z,0,0,JavaScript,True,True,,2024-07-27 19:46:16+00:00
0xMukesh,0xMukesh/iblinked-contracts,2024-07-21T10:55:24Z,0,0,Rust,True,True,,2024-07-27 19:06:37+00:00
Dayitva,Dayitva/dps-react-challenge,2024-07-23T04:30:57Z,0,0,TypeScript,True,True,,2024-07-27 18:45:04+00:00
Dayitva,Dayitva/dps-expressjs-challenge,2024-07-23T04:31:01Z,0,0,TypeScript,True,True,,2024-07-27 15:46:27+00:00
shash42,shash42/reproducing-gpt2,2024-07-07T13:27:04Z,0,0,Jupyter Notebook,True,True,,2024-07-26 20:57:46+00:00
janakiramm,janakiramm/federated-llm,2024-07-26T10:07:32Z,1,1,Jupyter Notebook,True,True,,2024-07-26 11:44:50+00:00
ankits-svg,ankits-svg/ankits-svg.github.io,2023-04-03T09:09:31Z,0,0,HTML,True,True,,2024-07-26 06:57:55+00:00
CodeBustler,CodeBustler/blinkmart_eCommerce,2024-02-02T10:21:33Z,2,2,JavaScript,True,True,,2024-07-26 06:02:35+00:00
sonali123123,sonali123123/Git,2024-07-26T04:51:34Z,0,0,,True,True,,2024-07-26 04:58:33+00:00
devalab,devalab/ml4science_tut,2019-11-22T09:47:31Z,9,9,Jupyter Notebook,True,True,,2024-07-25 10:58:16+00:00
Rishav-hub,Rishav-hub/deep-learning-pytorch-huggingface,2024-07-09T17:12:06Z,0,0,,True,True,mit,2024-07-25 09:04:03+00:00
Rahmath-001,Rahmath-001/mohd-port,2024-03-12T08:55:59Z,0,0,JavaScript,True,True,,2024-07-25 08:27:28+00:00
0xKayala,0xKayala/0xKayala.github.io,2021-06-28T16:28:16Z,0,0,HTML,True,True,gpl-3.0,2024-07-25 07:42:43+00:00
0xKayala,0xKayala/A-to-Z-Vulnerabilities,2022-10-19T18:27:13Z,16,16,,True,True,gpl-3.0,2024-07-25 06:28:03+00:00
srinibasbiswal,srinibasbiswal/srinibasbiswal,2020-09-25T15:34:32Z,3,3,,True,True,,2024-07-24 17:49:48+00:00
The-Coder-Kishor,The-Coder-Kishor/enquesta24-finals,2024-07-24T16:08:57Z,0,0,JavaScript,True,True,cc0-1.0,2024-07-24 16:20:04+00:00
The-Coder-Kishor,The-Coder-Kishor/simple-poll-app,2024-07-24T15:43:51Z,0,0,HTML,True,True,mit,2024-07-24 15:49:18+00:00
0xMukesh,0xMukesh/0xMukesh,2021-09-25T14:07:02Z,6,6,,False,False,,2024-07-24 10:24:50+00:00
Rahmath-001,Rahmath-001/Python-B-M,2024-07-24T08:33:12Z,0,0,,True,True,,2024-07-24 08:33:12+00:00
gokulyc,gokulyc/ddc-material,2024-07-05T14:36:39Z,0,0,,True,True,,2024-07-23 15:46:52+00:00
kirankaranth1,kirankaranth1/csv_sales_bot,2024-05-12T08:56:41Z,1,1,Python,True,True,,2024-07-23 10:24:42+00:00
kumarawsbit,kumarawsbit/7amdeleteafteruse,2024-07-23T02:07:15Z,0,0,,True,True,,2024-07-23 02:14:39+00:00
shash42,shash42/menuapp,2024-07-22T19:25:13Z,0,0,JavaScript,True,True,,2024-07-22 19:35:10+00:00
shravankoninti,shravankoninti/ICPR_2024_Multilingual_Claim_Span_Identification,2024-07-22T18:23:01Z,0,0,,True,True,,2024-07-22 18:23:01+00:00
Abdul535,Abdul535/git_learn,2024-07-19T02:56:12Z,0,0,HTML,True,True,,2024-07-22 17:19:19+00:00
afarhan,afarhan/bitx23,2023-05-15T15:30:52Z,10,10,C++,True,True,agpl-3.0,2024-07-22 12:10:31+00:00
Sharathchandra345,Sharathchandra345/mongo-migration,2024-07-22T06:54:14Z,0,0,JavaScript,True,True,,2024-07-22 06:54:17+00:00
algorithmica-repository,algorithmica-repository/datascience,2015-02-18T09:46:53Z,104,104,Python,True,True,,2024-07-22 06:28:59+00:00
Hanzalashaik,Hanzalashaik/Automatic-LinkedIn-Post,2024-07-15T11:08:22Z,0,0,JavaScript,True,True,,2024-07-22 05:54:01+00:00
ShubhamVerma1811,ShubhamVerma1811/advent-of-code,2023-12-01T11:35:04Z,0,0,TypeScript,True,True,,2024-07-22 04:26:16+00:00
suneelbvs,suneelbvs/MolEncoders,2024-07-22T03:26:21Z,0,0,Python,True,True,apache-2.0,2024-07-22 03:30:02+00:00
bytesByHarsh,bytesByHarsh/multiCopyPaste,2021-08-18T12:21:48Z,3,3,C++,True,True,gpl-3.0,2024-07-21 18:42:30+00:00
elevenpassin,elevenpassin/algorithms-course-p1,2021-06-14T05:31:08Z,0,0,Java,True,True,,2024-07-21 15:14:30+00:00
Shra1V32,Shra1V32/devhome,2023-09-14T05:01:12Z,0,0,C#,True,True,mit,2024-07-20 05:36:25+00:00
dharavathramdas101,dharavathramdas101/End-to-End,2024-07-19T16:20:22Z,0,0,,True,True,mit,2024-07-19 16:20:23+00:00
kshyam,kshyam/chatwoot,2024-07-18T16:47:45Z,0,0,,True,True,other,2024-07-18 16:40:20+00:00
Faizan2228,Faizan2228/onboarding-frontend-service,2024-07-16T10:44:58Z,0,0,,True,False,apache-2.0,2024-07-18 10:30:21+00:00
adhilcodes,adhilcodes/adhilcodes,2021-04-26T09:28:35Z,0,0,JavaScript,True,True,,2024-07-18 09:33:58+00:00
sudhir-voleti,sudhir-voleti/general,2016-02-11T10:46:11Z,0,0,HTML,True,True,,2024-07-18 06:50:15+00:00
iamshubhamg,iamshubhamg/Date-Message,2023-12-06T14:32:45Z,0,0,CSS,True,True,,2024-07-18 03:25:52+00:00
gokulyc,gokulyc/gokulyc,2020-08-23T03:28:20Z,1,1,,True,True,,2024-07-17 13:37:46+00:00
jaiakash,jaiakash/codecrafters-dns-server-python,2024-07-17T07:37:05Z,0,0,Shell,True,True,,2024-07-17 07:39:45+00:00
Rishav-hub,Rishav-hub/blog,2024-07-16T18:38:32Z,0,0,,True,True,,2024-07-16 18:40:04+00:00
gokulyc,gokulyc/gokulyc.github.io,2019-08-07T14:25:55Z,1,1,Astro,True,True,,2024-07-16 18:10:31+00:00
anoopkunchukuttan,anoopkunchukuttan/lm-evaluation-harness,2024-01-05T18:15:30Z,0,0,Python,True,True,mit,2024-07-16 10:44:31+00:00
0xVikasRushi,0xVikasRushi/anon-aadhar-hackerhouse-demo,2024-07-15T19:22:18Z,0,0,TypeScript,True,True,,2024-07-15 19:25:20+00:00
naveenjujaray,naveenjujaray/TCSStockDataAnalysis,2024-05-16T14:41:18Z,0,0,,True,True,,2024-07-15 07:46:48+00:00
vkosuri,vkosuri/bitops,2024-07-13T13:47:29Z,0,0,C,False,True,mit,2024-07-15 04:34:28+00:00
sirilalithaadapa,sirilalithaadapa/Interview-Experiences,2022-03-03T12:10:50Z,5,5,,True,True,mit,2024-07-14 13:01:45+00:00
Rahmath-001,Rahmath-001/Node-Backend-classes,2024-07-14T06:51:31Z,0,0,JavaScript,True,True,,2024-07-14 06:55:52+00:00
